Name,Wait Time,Delivery Fee,Link,Delivery Address,Geoid
Philly's Best (Jingletown),N/A,2.99,https://postmates.com/store/phillys-best-jingletown/1KLs4MxmVZCQetIxNTprTQ,3440 E 18th St Oakland CA,60014072003
Toasty's Breakfast Burritos (Oakland),45–55 min,2.99,https://postmates.com/store/toastys-breakfast-burritos-oakland/YOWaRzZbUMSMGnPj8o9fSg,3440 E 18th St Oakland CA,60014072003
Dirty Burger (Oakland),40–50 min,2.99,https://postmates.com/store/dirty-burger-oakland/ysCyucfnU3mFD81lNrV4Bw,3440 E 18th St Oakland CA,60014072003
OSHA Thai Express (Oakland),40–50 min,4.99,https://postmates.com/store/osha-thai-express-oakland/mrMgrBqISyy-BXo_w7BPBQ,3440 E 18th St Oakland CA,60014072003
LIL BURMA (2353 E 12th St),35–45 min,2.99,https://postmates.com/store/lil-burma-2353-e-12th-st/ABiiKYxkXqyIkHo6sLBOqA,3440 E 18th St Oakland CA,60014072003
"Philly Fresh Cheesesteaks (5333 Adeline St ,)",45–55 min,5.99,https://postmates.com/store/philly-fresh-cheesesteaks-5333-adeline-st/G8cVN2B6XECblewlDZHmMg,3440 E 18th St Oakland CA,60014072003
Pressed Acai Bowls - College Ave,40–50 min,5.99,https://postmates.com/store/pressed-acai-bowls-college-ave/HYM6WUmGQpeZXGkSZpLpxg,3440 E 18th St Oakland CA,60014072003
Cris Las Palmas,35–45 min,3.99,https://postmates.com/store/cris-las-palmas/IG-BhS41XXC9fji8GY7yGg,3440 E 18th St Oakland CA,60014072003
Guru Curry House,40–50 min,2.99,https://postmates.com/store/guru-curry-house/MYU-FAU8QBaA6r-i2wD5ag,3440 E 18th St Oakland CA,60014072003
Nikko Sushi,55–65 min,5.99,https://postmates.com/store/nikko-sushi/hBJ6A1XoTjC0yWqoqtXodA,3440 E 18th St Oakland CA,60014072003
Zachary's Chicago Pizza - Grand Lake,60–70 min,2.99,https://postmates.com/store/zacharys-chicago-pizza-grand-lake/9tfcRw9BQCSY33jotz1M7g,3440 E 18th St Oakland CA,60014072003
SAVEMORE MARKET & LIQUOR,20–30 min,4.49,https://postmates.com/store/savemore-market-%26-liquor/DexkeUbyR86zELCtTXsK_A,3440 E 18th St Oakland CA,60014072003
Zachary's Chicago Pizza - Oakland,60–70 min,2.99,https://postmates.com/store/zacharys-chicago-pizza-oakland/jH38XumgTaSUc_NcUqsc_w,3440 E 18th St Oakland CA,60014072003
Tuk Tuk Thai,50–60 min,6.99,https://postmates.com/store/tuk-tuk-thai/AzxeZtG_S9CA8LpOTtfDuw,3440 E 18th St Oakland CA,60014072003
Starbucks (Tilden & Blanding),25–35 min,2.99,https://postmates.com/store/starbucks-tilden-%26-blanding/VcF-NkXuSNydf7lNIj6seg,3440 E 18th St Oakland CA,60014072003
Holly's Mandarin,50–60 min,2.99,https://postmates.com/store/hollys-mandarin/8OyAf4vqThCs-GEvUcdN3g,3440 E 18th St Oakland CA,60014072003
United Paleteria Y Neveria,35–45 min,2.99,https://postmates.com/store/united-paleteria-y-neveria/iJ9huukLTxKkJR3CmiqeDw,3440 E 18th St Oakland CA,60014072003
Cosmic Wings - Alameda,45–55 min,3.99,https://postmates.com/store/cosmic-wings-alameda/Uq7mFrS6RRiNga5hXxDcKQ,3440 E 18th St Oakland CA,60014072003
Cana,40–50 min,3.99,https://postmates.com/store/cana/Rw1C_OxKSLqe_8tpnGC0LA,3440 E 18th St Oakland CA,60014072003
Oasis Kitchen,40–50 min,3.99,https://postmates.com/store/oasis-kitchen/TUTMMZBOTcSD4M3BPbzCCw,3440 E 18th St Oakland CA,60014072003
La Raza Market and Taqueria,40–50 min,2.99,https://postmates.com/store/la-raza-market-and-taqueria/EN4wB0G8SBOvtyEYmA-JIw,3440 E 18th St Oakland CA,60014072003
Peony Seafood Restaurant,60–70 min,4.99,https://postmates.com/store/peony-seafood-restaurant/QEOk7p7BSverc0eLEzY47Q,3440 E 18th St Oakland CA,60014072003
Cheers On Demand,35–45 min,5.49,https://postmates.com/store/cheers-on-demand/gPB00Yi_TwChqjwRxaEEGw,3440 E 18th St Oakland CA,60014072003
Shake Shack (1954 Telegraph Avenue),40–50 min,5.99,https://postmates.com/store/shake-shack-1954-telegraph-avenue/W7fSKEGQQfyE1wOrUGiv_w,3440 E 18th St Oakland CA,60014072003
Aguachiles El Tamarindo,20–30 min,2.99,https://postmates.com/store/aguachiles-el-tamarindo/etqdPslSTRmHFvb4QsLU4g,3440 E 18th St Oakland CA,60014072003
Sticky Rice Cafe,25–35 min,1.99,https://postmates.com/store/sticky-rice-cafe/6bhWfR4ZTJeahMlfKEZTEA,3440 E 18th St Oakland CA,60014072003
Burma Superstar,45–55 min,0.99,https://postmates.com/store/burma-superstar/aOhmvwXJTAuibctDKbuJ9w,3440 E 18th St Oakland CA,60014072003
Enssaro,50–60 min,3.99,https://postmates.com/store/enssaro/2wFo7bp_Q5uKswHeG9y6ng,3440 E 18th St Oakland CA,60014072003
Fenton's Creamery & Restaurant (Piedmont),40–50 min,3.99,https://postmates.com/store/fentons-creamery-%26-restaurant-piedmont/_zBdYK17ROGrv4z8leS6xw,3440 E 18th St Oakland CA,60014072003
Rush Bowls (Oakland),40–50 min,5.99,https://postmates.com/store/rush-bowls-oakland/PXhP9GWPS06GgxEHdH1-zQ,3440 E 18th St Oakland CA,60014072003
MIXT - Oakland,40–50 min,4.99,https://postmates.com/store/mixt-oakland/Ypwl-PSVSPmOa8FLP0L6Fw,3440 E 18th St Oakland CA,60014072003
Pizza Guys (Oakland),20–30 min,2.99,https://postmates.com/store/pizza-guys-oakland/Owz4mgJpTECEIwlRTOHNwQ,3440 E 18th St Oakland CA,60014072003
Wendy's (3111 E. 14Th Street),20–30 min,3.99,https://postmates.com/store/wendys-3111-e-14th-street/lGEuOXX6Qt2-E-R8MoGA_Q,3440 E 18th St Oakland CA,60014072003
Krispy Krunchy Chicken,20–30 min,2.99,https://postmates.com/store/krispy-krunchy-chicken/huNLEYmGTce1_qu4U8Cb3g,3440 E 18th St Oakland CA,60014072003
Taco Bell (3535 35th Avenue),20–30 min,3.99,https://postmates.com/store/taco-bell-3535-35th-avenue/J8yXXj1BQUaoPe_czUUktA,3440 E 18th St Oakland CA,60014072003
KFC (3400 Foothill Boulevard),15–25 min,2.99,https://postmates.com/store/kfc-3400-foothill-boulevard/PXeThL_oStar8GbyXIctcg,3440 E 18th St Oakland CA,60014072003
iLava Hawaiian Barbecue,20–30 min,1.99,https://postmates.com/store/ilava-hawaiian-barbecue/CLSz2R6cSquKNKZGwfY_6g,3440 E 18th St Oakland CA,60014072003
Chipotle Mexican Grill (3271 Lakeshore Ave),20–30 min,4.99,https://postmates.com/store/chipotle-mexican-grill-3271-lakeshore-ave/zIypd5XLSOq6pyOJFCLuSA,3440 E 18th St Oakland CA,60014072003
McDonald's® (High Oakland),25–35 min,3.99,https://postmates.com/store/mcdonalds-high-oakland/3iVQJlt-QnW8vef8cp-VZQ,3440 E 18th St Oakland CA,60014072003
"El Pollo Loco (2506 International Blvd,3480)",30–40 min,2.99,https://postmates.com/store/el-pollo-loco-2506-international-blvd3480/SSzqwZIIQV2ek9CopfbN6w,3440 E 18th St Oakland CA,60014072003
Subway (3301 E 12th St),25–35 min,2.99,https://postmates.com/store/subway-3301-e-12th-st/c9rn8Li7SQOEeOnmsqBngQ,3440 E 18th St Oakland CA,60014072003
Popeyes (3080 E 9th St),25–35 min,2.99,https://postmates.com/store/popeyes-3080-e-9th-st/5EXSpsUdRm2Iim-tOmu6AQ,3440 E 18th St Oakland CA,60014072003
Burger King (4200 East 14th Street),25–35 min,3.99,https://postmates.com/store/burger-king-4200-east-14th-street/VVewXlRQS4eM3IBrEp3syw,3440 E 18th St Oakland CA,60014072003
Carl's Jr. / Green Burrito (871 Marina Village Pkwy),25–35 min,4.99,https://postmates.com/store/carls-jr-green-burrito-871-marina-village-pkwy/Pbqt1Ac0RI6yQd0k8z2KDA,3440 E 18th St Oakland CA,60014072003
Man vs. Fries (SFO16-1),25–35 min,2.99,https://postmates.com/store/man-vs-fries-sfo16-1/7d4K56e5Scq9IbwihpQLcA,3440 E 18th St Oakland CA,60014072003
Beverly Hills Burger Bungalow (2353 E 12th St),45–55 min,2.99,https://postmates.com/store/beverly-hills-burger-bungalow-2353-e-12th-st/lhkK4XKLQ2mhljXonl4jZA,3440 E 18th St Oakland CA,60014072003
Mediterranean Vegan Bowls,40–50 min,2.99,https://postmates.com/store/mediterranean-vegan-bowls/TEZWY2zLRLm2ZBO3XiqpLQ,3440 E 18th St Oakland CA,60014072003
Cozy Wok Vegetarian Chinese,35–45 min,1.99,https://postmates.com/store/cozy-wok-vegetarian-chinese/nWLr2luWSLyXL1OJP7He_w,3440 E 18th St Oakland CA,60014072003
Jack's Cheese steaks,25–35 min,2.99,https://postmates.com/store/jacks-cheese-steaks/u1MkCJg7TfyGawjZMYiOWg,3440 E 18th St Oakland CA,60014072003
Cheese Steak Shop (Alameda),30–40 min,2.99,https://postmates.com/store/cheese-steak-shop-alameda/qY1ugpFnQ1azDEm3dZtYCg,3440 E 18th St Oakland CA,60014072003
Starbird Bowls - Oakland,25–35 min,3.99,https://postmates.com/store/starbird-bowls-oakland/8VZCu113QBug58ng1bsdGw,3440 E 18th St Oakland CA,60014072003
Genji Sushi (Harrison),40–50 min,4.99,https://postmates.com/store/genji-sushi-harrison/yNZSHlh5R5W5eljNASOUxg,3440 E 18th St Oakland CA,60014072003
Mountain Mike's Pizza (1448 High St),30–40 min,1.99,https://postmates.com/store/mountain-mikes-pizza-1448-high-st/3wS4XJeyRdOAcTMuYVCfTw,3440 E 18th St Oakland CA,60014072003
The Brass Hass (2353 E 12th St),40–50 min,2.99,https://postmates.com/store/the-brass-hass-2353-e-12th-st/xFGYOfk3QyyyWyntDP2cEg,3440 E 18th St Oakland CA,60014072003
Keto Bake & Bowl,35–45 min,2.99,https://postmates.com/store/keto-bake-%26-bowl/rL1pqmeTS56YBtmjSP6_9w,3440 E 18th St Oakland CA,60014072003
Mi Grullense Restaurant & Tequila Bar,40–50 min,1.99,https://postmates.com/store/mi-grullense-restaurant-%26-tequila-bar/XhWMjI1YR1SkLtQ3XjQOYw,3440 E 18th St Oakland CA,60014072003
Toomie's Thai By Mee Choke,35–45 min,0.99,https://postmates.com/store/toomies-thai-by-mee-choke/_34UC6h_RTCnYsl5WkqdMA,3440 E 18th St Oakland CA,60014072003
Jim's Coffee Shop,30–40 min,2.99,https://postmates.com/store/jims-coffee-shop/TqQadSdqSuKVFnC5VO0U0g,3440 E 18th St Oakland CA,60014072003
"Juicy's Cheesesteaks (5333 Adeline St ,)",45–55 min,5.99,https://postmates.com/store/juicys-cheesesteaks-5333-adeline-st/3e06dV0vTOugx9emPPufYQ,3440 E 18th St Oakland CA,60014072003
Noodle Belly,35–45 min,2.99,https://postmates.com/store/noodle-belly/DYA58Lm4SMOkKncs4kTvlg,3440 E 18th St Oakland CA,60014072003
Matchstick Masala (737 Buena Vista Ave),40–50 min,4.99,https://postmates.com/store/matchstick-masala-737-buena-vista-ave/2eeJwqUgTJ2aRYl0QsqSlA,3440 E 18th St Oakland CA,60014072003
Woah! Breakfast Quesarito! (2353 E 12th St),40–50 min,2.99,https://postmates.com/store/woah!-breakfast-quesarito!-2353-e-12th-st/cHlhV-N8T-WORFm54YafcA,3440 E 18th St Oakland CA,60014072003
Papa John's Pizza-East 12th Street,25–35 min,2.99,https://postmates.com/store/papa-johns-pizza-east-12th-street/-D5K2z2iTU27pFZ_VpkVPQ,3440 E 18th St Oakland CA,60014072003
Lola’s Chicken Shack,35–45 min,3.99,https://postmates.com/store/lolas-chicken-shack/kPb8KBWHT0SJ0_u8qVrxgg,3440 E 18th St Oakland CA,60014072003
Poke Zone,50–60 min,4.99,https://postmates.com/store/poke-zone/EIgQ2_SiRDiEMLC7TWzyUQ,3440 E 18th St Oakland CA,60014072003
Ultimate Grounds Et Al Coffee & Tea,30–40 min,3.99,https://postmates.com/store/ultimate-grounds-et-al-coffee-%26-tea/ht3_U8AZSpq2GDoYILyVgw,3440 E 18th St Oakland CA,60014072003
Yokee Milk Tea,45–55 min,4.99,https://postmates.com/store/yokee-milk-tea/-5cdyX3sTr28vl-aJfZGyA,3440 E 18th St Oakland CA,60014072003
Alameda Bagels and Donuts,30–40 min,3.99,https://postmates.com/store/alameda-bagels-and-donuts/yPkcrhR8SUOR4KbOhgh2eA,3440 E 18th St Oakland CA,60014072003
Burger King (1541 East 12th Street),30–40 min,4.99,https://postmates.com/store/burger-king-1541-east-12th-street/D_JCN2JgS2q0xt5QZtwMiQ,3440 E 18th St Oakland CA,60014072003
"La Penca Azul - 1440 Park St, Alameda, California, 94501",40–50 min,2.99,https://postmates.com/store/la-penca-azul-1440-park-st-alameda-california-94501/huQEXpCqQ1GF2fFKsoNoIQ,3440 E 18th St Oakland CA,60014072003
Amici's East Coast Pizzeria - Oakland,40–50 min,2.99,https://postmates.com/store/amicis-east-coast-pizzeria-oakland/MKLq05eLRPqhjPSaPL3xLg,3440 E 18th St Oakland CA,60014072003
Poke Parlor,50–60 min,7.99,https://postmates.com/store/poke-parlor/H_nZCq-TScWCdCVZgLe4Tw,3440 E 18th St Oakland CA,60014072003
Pho K & K,45–55 min,6.99,https://postmates.com/store/pho-k-%26-k/C7mFcjiQS7u6u_UbugTz4w,3440 E 18th St Oakland CA,60014072003
Tender Greens (2071 University Ave),50–60 min,6.99,https://postmates.com/store/tender-greens-2071-university-ave/P-jHqO02RuG9N2eoMiCcgQ,3440 E 18th St Oakland CA,60014072003
Taqueria El Gordo - Floresta,50–60 min,7.99,https://postmates.com/store/taqueria-el-gordo-floresta/GFxLARtXQwm76gbJxdg4jg,3440 E 18th St Oakland CA,60014072003
Blaze Pizza (Berkeley),50–60 min,7.99,https://postmates.com/store/blaze-pizza-berkeley/C7jPZ-svTWWOxvE3l_SdAw,3440 E 18th St Oakland CA,60014072003
Gordito Amigos,55–65 min,7.99,https://postmates.com/store/gordito-amigos/TtdOtAbxSvSDJeks7AXtgw,3440 E 18th St Oakland CA,60014072003
Pink Dot Fruitvale (Operated by Echelon),25–35 min,3.49,https://postmates.com/store/pink-dot-fruitvale-operated-by-echelon/f2agcT4-TKaE4suHwJTT2w,3440 E 18th St Oakland CA,60014072003
ampm (3310 PARK BLVD),25–35 min,4.49,https://postmates.com/store/ampm-3310-park-blvd/3gOsnW11SqmL1dz3SC95KQ,3440 E 18th St Oakland CA,60014072003
Proposition Chicken (Oakland),35–45 min,4.99,https://postmates.com/store/proposition-chicken-oakland/uaTkjdh5RB6vHY_b_juiCA,3440 E 18th St Oakland CA,60014072003
ButtercuP - Jack London,50–60 min,4.99,https://postmates.com/store/buttercup-jack-london/H76L4-dPQXalS-aXHWtVzg,3440 E 18th St Oakland CA,60014072003
7-Eleven (2411 Macarthur Blvd),25–35 min,3.49,https://postmates.com/store/7-eleven-2411-macarthur-blvd/GwiUjZ8kRe6y_HUT1rXz2A,3440 E 18th St Oakland CA,60014072003
ButtercuP - Oakland,35–45 min,2.99,https://postmates.com/store/buttercup-oakland/4xL4BDVvSYmUXnfTnsdmTQ,3440 E 18th St Oakland CA,60014072003
Summer Summer Thai Eatery,55–65 min,5.99,https://postmates.com/store/summer-summer-thai-eatery/wuvbBMMxTX6dqyxijAQ7Yg,3440 E 18th St Oakland CA,60014072003
Golden Lotus Vegan Restaurant,60–70 min,3.99,https://postmates.com/store/golden-lotus-vegan-restaurant/k_b0IIu6TFq6jCz6_-WFjw,3440 E 18th St Oakland CA,60014072003
Spice I Am,35–45 min,3.99,https://postmates.com/store/spice-i-am/YRoPFAOjSPWDC4Z5ePOG5g,3440 E 18th St Oakland CA,60014072003
Sobo Ramen,40–50 min,4.99,https://postmates.com/store/sobo-ramen/pjWNGgqPQ7aEaM4JR9viXQ,3440 E 18th St Oakland CA,60014072003
India Palace Restaurant-Alameda,55–65 min,1.99,https://postmates.com/store/india-palace-restaurant-alameda/MWXfwbKOT0y5rXKERx1F1A,3440 E 18th St Oakland CA,60014072003
El Caballo Wraps,35–45 min,3.99,https://postmates.com/store/el-caballo-wraps/nSqqUNk4QhqbZYE-NCLxLg,3440 E 18th St Oakland CA,60014072003
Mosaic Mediterranean Cafe,40–50 min,4.99,https://postmates.com/store/mosaic-mediterranean-cafe/rNi0QN0LRemaKAkJqJ2J_A,3440 E 18th St Oakland CA,60014072003
Kavya Indian And Nepalese Cuisine,35–45 min,2.99,https://postmates.com/store/kavya-indian-and-nepalese-cuisine/Haj7sVfKRHG-8OkzBm8ahg,3440 E 18th St Oakland CA,60014072003
Pizza City,25–35 min,2.99,https://postmates.com/store/pizza-city/GKcna20lRc6A3wnlw-gR7Q,3440 E 18th St Oakland CA,60014072003
Pho Nation Express,40–50 min,3.99,https://postmates.com/store/pho-nation-express/IrIF2qWjS9uXZWA4KbNU1g,3440 E 18th St Oakland CA,60014072003
Coco Breeze,40–50 min,2.99,https://postmates.com/store/coco-breeze/znK_fuIXRJSn-6Kk4hoODg,3440 E 18th St Oakland CA,60014072003
Pizza Guys,0.1 mi,N/A,https://postmates.com/store/pizza-guys-oakland/Owz4mgJpTECEIwlRTOHNwQ?diningMode=PICKUP,3440 E 18th St Oakland CA,60014072003
Taqueria Reynoso,0.1 mi,N/A,https://postmates.com/store/taqueria-reynoso/RzZIEYZJTJ2SUN9eDMPWsQ?diningMode=PICKUP,3440 E 18th St Oakland CA,60014072003
Los olivos Restaurant,0.3 mi,N/A,https://postmates.com/store/los-olivos-restaurant/ZGeinI8KQ-SnQC0-ma-vZw?diningMode=PICKUP,3440 E 18th St Oakland CA,60014072003
Pizza City,0.3 mi,N/A,https://postmates.com/store/pizza-city/GKcna20lRc6A3wnlw-gR7Q?diningMode=PICKUP,3440 E 18th St Oakland CA,60014072003
Mi Grullense Restaurant & Tequila Bar,0.3 mi,N/A,https://postmates.com/store/mi-grullense-restaurant-%26-tequila-bar/XhWMjI1YR1SkLtQ3XjQOYw?diningMode=PICKUP,3440 E 18th St Oakland CA,60014072003
Lucky Chef Chen,0.3 mi,N/A,https://postmates.com/store/lucky-chef-chen/c6qrKNR1R4-vW8scGsTQLg?diningMode=PICKUP,3440 E 18th St Oakland CA,60014072003
McDonald's® (10235),25–35 min,4.99,https://postmates.com/store/mcdonalds-10235/NqEE_i6ATHWChtTVA2uQ5Q,3440 E 18th St Oakland CA,60014072003
Starbucks (Fruitvale & I-880),25–35 min,2.99,https://postmates.com/store/starbucks-fruitvale-%26-i-880/bOa3kvHFRra0A740iZa_BA,3440 E 18th St Oakland CA,60014072003
Jack in the Box (2424 International Blvd),25–35 min,3.99,https://postmates.com/store/jack-in-the-box-2424-international-blvd/FlybPWjbT62sPtFMLAJwEA,3440 E 18th St Oakland CA,60014072003
Popeyes (7007 International Blvd),25–35 min,4.99,https://postmates.com/store/popeyes-7007-international-blvd/sZIUkGbxRS2aJYj-EK3uzA,3440 E 18th St Oakland CA,60014072003
Gong Cha (Alameda),40–50 min,3.99,https://postmates.com/store/gong-cha-alameda/i4d3Y85cRSaAJrgLnipsRg,3440 E 18th St Oakland CA,60014072003
Fire Wings - Oakland,35–45 min,3.99,https://postmates.com/store/fire-wings-oakland/-J8NBv5PVCincXfdVYPdCg,3440 E 18th St Oakland CA,60014072003
Panera (2249 South Shore Center Dr.),40–50 min,3.99,https://postmates.com/store/panera-2249-south-shore-center-dr/96neO6GrRxmtiszs_pzRNQ,3440 E 18th St Oakland CA,60014072003
Los olivos Restaurant,50–60 min,2.99,https://postmates.com/store/los-olivos-restaurant/ZGeinI8KQ-SnQC0-ma-vZw,3440 E 18th St Oakland CA,60014072003
Sushi & More,40–50 min,2.99,https://postmates.com/store/sushi-%26-more/JTo9J7qnR9qjYEa2_IBtng,3440 E 18th St Oakland CA,60014072003
MOD Pizza (Alameda South Shore),45–55 min,4.99,https://postmates.com/store/mod-pizza-alameda-south-shore/l5a8hufEQDGnT39ciT3apQ,3440 E 18th St Oakland CA,60014072003
Mountain Mike's Pizza (714 Central ave),50–60 min,4.99,https://postmates.com/store/mountain-mikes-pizza-714-central-ave/adyeK_C7SQa6hLKQ653Gwg,3440 E 18th St Oakland CA,60014072003
BANANA BLOSSOM THAI,30–40 min,2.99,https://postmates.com/store/banana-blossom-thai/-BiWFTRKTQKG6XYhHm_XTA,3440 E 18th St Oakland CA,60014072003
KFC (3734 Macarthur Boulevard),25–35 min,3.99,https://postmates.com/store/kfc-3734-macarthur-boulevard/hWjB9vi2RC-M4Bwa9mZOsQ,3440 E 18th St Oakland CA,60014072003
Jamba Juice (2620 5th StreetSuite C-1),30–40 min,4.99,https://postmates.com/store/jamba-juice-2620-5th-streetsuite-c-1/2zBTYMnSR_qRGyisbTj8Eg,3440 E 18th St Oakland CA,60014072003
Homeskillet (Park St.),35–45 min,2.99,https://postmates.com/store/homeskillet-park-st/zw9KuiZ5RMSB1l7kE-8sbQ,3440 E 18th St Oakland CA,60014072003
Kokolo Donburi,55–65 min,5.99,https://postmates.com/store/kokolo-donburi/r5_SZUx6Q7mgrrScHyFxLA,3440 E 18th St Oakland CA,60014072003
Main Squeeze - Oakland,30–40 min,3.99,https://postmates.com/store/main-squeeze-oakland/C5MHKfjGTMyzc6irEgW0rg,3440 E 18th St Oakland CA,60014072003
New Bamboo Kitchen,45–55 min,3.99,https://postmates.com/store/new-bamboo-kitchen/GWDIyu7FSvOk1D6WigMtRA,3440 E 18th St Oakland CA,60014072003
Five Guys CA-1624 2254 South Shore Center,45–55 min,4.99,https://postmates.com/store/five-guys-ca-1624-2254-south-shore-center/yphT_sXIRu2K1KlARkI-uw,3440 E 18th St Oakland CA,60014072003
Flipside Burgers,35–45 min,3.99,https://postmates.com/store/flipside-burgers/EQuPP3kxQRyotGZkBSIidg,3440 E 18th St Oakland CA,60014072003
"The Habit Burger Grill (5108 Broadway, Suite K105)",30–40 min,5.99,https://postmates.com/store/the-habit-burger-grill-5108-broadway-suite-k105/bZtmxBaqQt2zgCZeXC5itg,3440 E 18th St Oakland CA,60014072003
Denny's (601 Hegenberger),30–40 min,4.99,https://postmates.com/store/dennys-601-hegenberger/ihnDeTwuQMGHN44LvsvH9A,3440 E 18th St Oakland CA,60014072003
Dimond Slice,35–45 min,2.99,https://postmates.com/store/dimond-slice/RiQjZ--wR2qb6Nlpknkekg,3440 E 18th St Oakland CA,60014072003
Island Taqueria,35–45 min,3.99,https://postmates.com/store/island-taqueria/TCxXKUfVRKKQtPgQVEkNew,3440 E 18th St Oakland CA,60014072003
Jasmine Blossom Thai Cuisine,40–50 min,4.99,https://postmates.com/store/jasmine-blossom-thai-cuisine/m916NTcrRuObEcmnC1gLtA,3440 E 18th St Oakland CA,60014072003
Wish Me Vegan,45–55 min,4.99,https://postmates.com/store/wish-me-vegan/5I6HaMspRHqddHvAXnl57A,3440 E 18th St Oakland CA,60014072003
"Togo's (1929 Broadway, Alameda, CA)",35–45 min,3.99,https://postmates.com/store/togos-1929-broadway-alameda-ca/fEvlrnNRQLCkYgBG95ToXQ,3440 E 18th St Oakland CA,60014072003
